"","zone","LC","EN","VU","CR","Total","RLIE"
"1","Total",88,44,83,7,222,0.706306306306306
"2","Lowland river",7,12,24,6,49,0.559183673469388
"3","Lower foothill",28,10,20,0,58,0.758620689655172
"4","Upper foothill",24,12,23,0,59,0.722033898305085
"5","Mountain stream",29,10,16,1,56,0.764285714285714
