"","zone","CR","EN","VU","LC","Total","RLIE"
"1","Total",3,9,48,162,222,0.732432432432433
"2","Lowland river",3,5,18,23,49,0.648979591836735
"3","Lower foothill",0,2,13,43,58,0.741379310344828
"4","Upper foothill",0,2,8,49,59,0.759322033898305
"5","Mountain stream",0,0,9,47,56,0.767857142857143
