"","zone","CR","EN","VU","LC","Total","RLIE"
"1","Total",12,42,35,133,222,0.66036036036036
"2","Lowland river",10,7,12,20,49,0.571428571428571
"3","Lower foothill",0,15,10,33,58,0.662068965517241
"4","Upper foothill",0,12,6,41,59,0.698305084745763
"5","Mountain stream",2,8,7,39,56,0.696428571428571
