"","zone","CR","EN","VU","LC","Total","RLIE"
"1","Total",84,46,3,89,222,0.487387387387387
"2","Lowland river",30,7,1,11,49,0.371428571428571
"3","Lower foothill",23,13,2,20,58,0.46551724137931
"4","Upper foothill",18,13,0,28,59,0.528813559322034
"5","Mountain stream",13,13,0,30,56,0.567857142857143
