"","zone","LC","EN","VU","CR","Total","RLIE"
"1","Total",75,47,50,50,222,0.602702702702703
"2","Lowland river",8,10,11,20,49,0.461224489795918
"3","Lower foothill",25,10,12,11,58,0.662068965517241
"4","Upper foothill",20,12,14,13,59,0.606779661016949
"5","Mountain stream",22,15,13,6,56,0.660714285714286
