"","zone","CR","EN","VU","LC","Total","RLIE"
"1","Total",16,65,60,81,222,0.585585585585586
"2","Lowland river",11,9,13,16,49,0.538775510204082
"3","Lower foothill",1,17,17,23,58,0.613793103448276
"4","Upper foothill",1,20,17,21,59,0.596610169491525
"5","Mountain stream",3,19,13,21,56,0.585714285714286
