"","zone","LC","EN","VU","CR","Total","RLIE"
"1","Total",62,48,81,31,222,0.612612612612613
"2","Lowland river",5,11,17,16,49,0.46530612244898
"3","Lower foothill",19,12,20,7,58,0.641379310344828
"4","Upper foothill",17,13,23,6,59,0.630508474576271
"5","Mountain stream",21,12,21,2,56,0.692857142857143
