"","zone","CR","EN","VU","LC","Total","RLIE"
"1","Total",97,45,7,73,222,0.516216216216216
"2","Lowland river",32,7,2,8,49,0.375510204081633
"3","Lower foothill",27,12,2,17,58,0.489655172413793
"4","Upper foothill",23,11,2,23,59,0.56271186440678
"5","Mountain stream",15,15,1,25,56,0.617857142857143
