"","zone","CR","EN","VU","LC","Total","RLIE"
"1","Total",3,9,108,102,222,0.678378378378378
"2","Lowland river",3,5,27,14,49,0.612244897959184
"3","Lower foothill",0,2,30,26,58,0.682758620689655
"4","Upper foothill",0,2,25,32,59,0.701694915254237
"5","Mountain stream",0,0,26,30,56,0.707142857142857
