"","zone","CR","EN","VU","LC","Total","RLIE"
"1","Total",84,47,3,88,222,0.485585585585586
"2","Lowland river",30,7,1,11,49,0.371428571428571
"3","Lower foothill",23,14,2,19,58,0.458620689655172
"4","Upper foothill",18,13,0,28,59,0.528813559322034
"5","Mountain stream",13,13,0,30,56,0.567857142857143
