"","zone","CR","EN","VU","LC","Total","RLIE"
"1","Total",10,83,21,108,222,0.604504504504505
"2","Lowland river",8,19,11,11,49,0.502040816326531
"3","Lower foothill",0,29,6,23,58,0.579310344827586
"4","Upper foothill",0,21,2,36,59,0.650847457627119
"5","Mountain stream",2,14,2,38,56,0.671428571428571
