"","zone","CR","EN","VU","LC","Total","RLIE"
"1","Total",108,51,5,58,222,0.463963963963964
"2","Lowland river",34,8,1,6,49,0.338775510204082
"3","Lower foothill",31,13,1,13,58,0.431034482758621
"4","Upper foothill",25,15,3,16,59,0.488135593220339
"5","Mountain stream",18,15,0,23,56,0.582142857142857
