"","zone","CR","EN","VU","LC","Total","RLIE"
"1","Total",3,7,60,152,222,0.725225225225225
"2","Lowland river",3,3,23,20,49,0.644897959183673
"3","Lower foothill",0,2,16,40,58,0.731034482758621
"4","Upper foothill",0,2,10,47,59,0.752542372881356
"5","Mountain stream",0,0,11,45,56,0.760714285714286
