"","zone","CR","EN","VU","LC","Total","RLIE"
"1","Total",17,36,54,115,222,0.744144144144144
"2","Lowland river",13,9,16,11,49,0.546938775510204
"3","Lower foothill",0,10,12,36,58,0.813793103448276
"4","Upper foothill",1,8,16,34,59,0.796610169491525
"5","Mountain stream",3,9,10,34,56,0.789285714285714
