"","zone","CR","EN","VU","LC","Total","RLIE"
"1","Total",3,7,112,100,222,0.678378378378378
"2","Lowland river",3,3,27,16,49,0.628571428571429
"3","Lower foothill",0,2,32,24,58,0.675862068965517
"4","Upper foothill",0,2,29,28,59,0.688135593220339
"5","Mountain stream",0,0,24,32,56,0.714285714285714
