"","zone","CR","EN","VU","LC","Total","RLIE"
"1","Total",5,99,29,89,222,0.581981981981982
"2","Lowland river",4,27,11,7,49,0.485714285714286
"3","Lower foothill",0,30,6,22,58,0.572413793103448
"4","Upper foothill",0,23,8,28,59,0.616949152542373
"5","Mountain stream",1,19,4,32,56,0.639285714285714
