"","zone","LC","EN","VU","CR","Total","RLIE"
"1","Total",82,43,91,6,222,0.698198198198198
"2","Lowland river",7,12,25,5,49,0.56734693877551
"3","Lower foothill",25,10,23,0,58,0.737931034482759
"4","Upper foothill",22,11,26,0,59,0.711864406779661
"5","Mountain stream",28,10,17,1,56,0.757142857142857
