"","zone","LC","EN","VU","CR","Total","RLIE"
"1","Total",63,47,83,29,222,0.618918918918919
"2","Lowland river",7,11,17,14,49,0.497959183673469
"3","Lower foothill",18,12,21,7,58,0.63448275862069
"4","Upper foothill",16,12,25,6,59,0.627118644067797
"5","Mountain stream",22,12,20,2,56,0.7
